<addon id="repository.hellspy"
       name="Hellspy Repository"
       version="1.0.0"
       provider-name="AndrewSkyWolker">
  <requires>
    <import addon="xbmc.addon" version="13.0.0" />
  </requires>
  <extension point="xbmc.addon.repository"
             name="Hellspy Repository">
    <info compressed="false">https://raw.githubusercontent.com/AndrewSkyWolker/kodi-hellspy/main/repository.hellspy/addon.xml</info>
    <checksum>https://raw.githubusercontent.com/AndrewSkyWolker/kodi-hellspy/main/repository.hellspy/addon.xml.md5</checksum>
    <datadir>https://raw.githubusercontent.com/AndrewSkyWolker/kodi-hellspy/main/repository.hellspy/</datadir>
  </extension>
</addon>
